dataset,horizon,seed,variant,mse_norm,mae_norm
ETTh1,96,2021,SRSNet,0.4366426914119069,0.4534387993640784
ETTh1,96,2022,SRSNet,0.4359045852627272,0.4523278489682117
ETTh1,96,2023,SRSNet,0.4363342735989018,0.4534026726776012
ETTh1,96,2024,SRSNet,0.436505509635173,0.4536189580077079
ETTh1,96,2025,SRSNet,0.435578582803212,0.4535077345307027
ETTh1,96,2021,SRSNet_HypernetAF,0.435281099285939,0.452771581739316
ETTh1,96,2022,SRSNet_HypernetAF,0.4362663616957177,0.4530659568678124
ETTh1,96,2023,SRSNet_HypernetAF,0.4361658506667383,0.4535351221828929
ETTh1,96,2024,SRSNet_HypernetAF,0.4360137926086692,0.4530187934829214
ETTh1,96,2025,SRSNet_HypernetAF,0.4361627397076445,0.4528306538893984
ETTh1,96,2021,SRSNet_RandomSP,0.4354400471285085,0.4521403569462202
ETTh1,96,2022,SRSNet_RandomSP,0.4360799222660866,0.4520475477499425
ETTh1,96,2023,SRSNet_RandomSP,0.4357779614032606,0.4521414002447574
ETTh1,96,2024,SRSNet_RandomSP,0.4361887176473289,0.4520941399151099
ETTh1,96,2025,SRSNet_RandomSP,0.4364194086801576,0.452295356155748
ETTh1,96,2021,SRSNet_RandomSPNoShuffle,0.4359120187243896,0.4519065945369319
ETTh1,96,2022,SRSNet_RandomSPNoShuffle,0.4360415993538671,0.4518894458316106
ETTh1,96,2023,SRSNet_RandomSPNoShuffle,0.4359683183372778,0.4519106500449557
ETTh1,96,2024,SRSNet_RandomSPNoShuffle,0.4360843880007954,0.452067338489441
ETTh1,96,2025,SRSNet_RandomSPNoShuffle,0.436484278390246,0.4523222687958219
ETTh1,96,2021,SRSNet_TASP,0.4365313129601943,0.4532398085389515
ETTh1,96,2022,SRSNet_TASP,0.4376461948231384,0.4535074563331193
ETTh1,96,2023,SRSNet_TASP,0.4365196241140072,0.4529707735084088
ETTh1,96,2024,SRSNet_TASP,0.4363256720558184,0.4525030534420755
ETTh1,96,2025,SRSNet_TASP,0.4370171335789598,0.4529946212830311
ETTh1,192,2021,SRSNet,0.4809570952288964,0.4842584741038947
ETTh1,192,2022,SRSNet,0.4824861681898836,0.4846747351980746
ETTh1,192,2023,SRSNet,0.4830685037974203,0.4862110819312303
ETTh1,192,2024,SRSNet,0.4870943872399344,0.4919297488988444
ETTh1,192,2025,SRSNet,0.4860949212909213,0.4899645585765914
ETTh1,192,2021,SRSNet_HypernetAF,0.4899506689893472,0.4934496917012263
ETTh1,192,2022,SRSNet_HypernetAF,0.4831987084115189,0.4860144763583767
ETTh1,192,2023,SRSNet_HypernetAF,0.4902704770222877,0.4939473217975326
ETTh1,192,2024,SRSNet_HypernetAF,0.4831497824103088,0.4856758322750415
ETTh1,192,2025,SRSNet_HypernetAF,0.4930726570400788,0.4966970222934393
ETTh1,192,2021,SRSNet_RandomSP,0.4820308279831308,0.484151692316725
ETTh1,192,2022,SRSNet_RandomSP,0.4821285705450858,0.4841965892017207
ETTh1,192,2023,SRSNet_RandomSP,0.4818718046052268,0.4838362765559868
ETTh1,192,2024,SRSNet_RandomSP,0.4815207271639761,0.4837529604367268
ETTh1,192,2025,SRSNet_RandomSP,0.482702199951944,0.4848523048143968
ETTh1,192,2021,SRSNet_RandomSPNoShuffle,0.4815031151127627,0.4835452697064523
ETTh1,192,2022,SRSNet_RandomSPNoShuffle,0.4816297618082639,0.4836707127693493
ETTh1,192,2023,SRSNet_RandomSPNoShuffle,0.4815345331270168,0.4836077000124197
ETTh1,192,2024,SRSNet_RandomSPNoShuffle,0.4815634948004849,0.4835500094797988
ETTh1,192,2025,SRSNet_RandomSPNoShuffle,0.4829073296246711,0.4848832196850848
ETTh1,192,2021,SRSNet_TASP,0.4840728098809433,0.4868181805439383
ETTh1,192,2022,SRSNet_TASP,0.4836672040508238,0.4863001109807789
ETTh1,192,2023,SRSNet_TASP,0.4831858087100592,0.485448873747296
ETTh1,192,2024,SRSNet_TASP,0.4835273937356908,0.4854206862573624
ETTh1,192,2025,SRSNet_TASP,0.4834935122561798,0.4853683029697218
ETTh1,336,2021,SRSNet,0.5365926763120794,0.5226911042725501
ETTh1,336,2022,SRSNet,0.5285032345070837,0.5173026359191554
ETTh1,336,2023,SRSNet,0.5287178736873692,0.517205979103366
ETTh1,336,2024,SRSNet,0.528134633919907,0.516693182720975
ETTh1,336,2025,SRSNet,0.5299627212069444,0.5180773282820561
ETTh1,336,2021,SRSNet_HypernetAF,0.5293608258705192,0.5184189400297521
ETTh1,336,2022,SRSNet_HypernetAF,0.5294445449840642,0.5180214814631054
ETTh1,336,2023,SRSNet_HypernetAF,0.5274402545372131,0.5176314375294746
ETTh1,336,2024,SRSNet_HypernetAF,0.5343082824963965,0.5229397741036963
ETTh1,336,2025,SRSNet_HypernetAF,0.5310578825853094,0.5193732790202115
ETTh1,336,2021,SRSNet_RandomSP,0.5399234718256248,0.5226226946714634
ETTh1,336,2022,SRSNet_RandomSP,0.5333082751834906,0.5212420527098212
ETTh1,336,2023,SRSNet_RandomSP,0.5284746092890773,0.5173561477118959
ETTh1,336,2024,SRSNet_RandomSP,0.5360230143473275,0.5207200628398767
ETTh1,336,2025,SRSNet_RandomSP,0.528136129833589,0.5165752566548302
ETTh1,336,2021,SRSNet_RandomSPNoShuffle,0.5398888584409198,0.5225812774522803
ETTh1,336,2022,SRSNet_RandomSPNoShuffle,0.5332610600149469,0.5211665673268847
ETTh1,336,2023,SRSNet_RandomSPNoShuffle,0.5284981694564806,0.5173674042744424
ETTh1,336,2024,SRSNet_RandomSPNoShuffle,0.5360986934660154,0.5205892078775395
ETTh1,336,2025,SRSNet_RandomSPNoShuffle,0.5281204893888837,0.5164948224163777
ETTh1,336,2021,SRSNet_TASP,0.5372931125741562,0.5232400424592482
ETTh1,336,2022,SRSNet_TASP,0.5438498832472749,0.5277272934180673
ETTh1,336,2023,SRSNet_TASP,0.528053822600437,0.516767844871881
ETTh1,336,2024,SRSNet_TASP,0.5286981836967263,0.5174618031649849
ETTh1,336,2025,SRSNet_TASP,0.5318621287827194,0.5179656188835505
ETTh1,720,2021,SRSNet,0.6587214299505665,0.6028989680872331
ETTh1,720,2022,SRSNet,0.6621414424600958,0.606488203874889
ETTh1,720,2023,SRSNet,0.6581321479455414,0.6033352374299534
ETTh1,720,2024,SRSNet,0.6643213991343127,0.6065380260164674
ETTh1,720,2025,SRSNet,0.6598437497267214,0.6039146256035781
ETTh1,720,2021,SRSNet_HypernetAF,0.6649913576016098,0.6080086556740386
ETTh1,720,2022,SRSNet_HypernetAF,0.6631553216253601,0.6043739967556326
ETTh1,720,2023,SRSNet_HypernetAF,0.6618768250641803,0.6062486552925326
ETTh1,720,2024,SRSNet_HypernetAF,0.6613607261051155,0.6047262500735037
ETTh1,720,2025,SRSNet_HypernetAF,0.6596733808209767,0.6041693371901683
ETTh1,720,2021,SRSNet_RandomSP,0.6541340756636375,0.5990612679424323
ETTh1,720,2022,SRSNet_RandomSP,0.6527133538787917,0.5988878749390031
ETTh1,720,2023,SRSNet_RandomSP,0.6541597292102724,0.5998111978486409
ETTh1,720,2024,SRSNet_RandomSP,0.6515926913293822,0.597955658668576
ETTh1,720,2025,SRSNet_RandomSP,0.6601050855682105,0.6037172005654236
ETTh1,720,2021,SRSNet_RandomSPNoShuffle,0.6534525778180784,0.5984663772348071
ETTh1,720,2022,SRSNet_RandomSPNoShuffle,0.6526133085641221,0.5984834575313436
ETTh1,720,2023,SRSNet_RandomSPNoShuffle,0.6524075324735089,0.5984211813128492
ETTh1,720,2024,SRSNet_RandomSPNoShuffle,0.6525727668681558,0.5984213347273268
ETTh1,720,2025,SRSNet_RandomSPNoShuffle,0.6559137743787491,0.6012361728705647
ETTh1,720,2021,SRSNet_TASP,0.6501963265525511,0.5978676667863188
ETTh1,720,2022,SRSNet_TASP,0.650500192386134,0.5978885792265548
ETTh1,720,2023,SRSNet_TASP,0.6578000568386461,0.6013603569710809
ETTh1,720,2024,SRSNet_TASP,0.6496596896154717,0.5970839701140398
ETTh1,720,2025,SRSNet_TASP,0.6583015550781889,0.6026264031464956
ETTh2,96,2021,SRSNet,0.225128693696441,0.3227971882014314
ETTh2,96,2022,SRSNet,0.2274597336299902,0.3224931291576585
ETTh2,96,2023,SRSNet,0.2232658846178575,0.3203186977174495
ETTh2,96,2024,SRSNet,0.225659101771662,0.321319828149765
ETTh2,96,2025,SRSNet,0.2257352350938029,0.3204805875183292
ETTh2,96,2021,SRSNet_HypernetAF,0.2190323151685903,0.3170657119115426
ETTh2,96,2022,SRSNet_HypernetAF,0.2199843180546868,0.3172178564153584
ETTh2,96,2023,SRSNet_HypernetAF,0.2187320307315303,0.3161381955543609
ETTh2,96,2024,SRSNet_HypernetAF,0.2188847881105677,0.3166845396026194
ETTh2,96,2025,SRSNet_HypernetAF,0.2199600222759081,0.3175557285749762
ETTh2,96,2021,SRSNet_RandomSP,0.2179545498895919,0.3155728787176704
ETTh2,96,2022,SRSNet_RandomSP,0.2196090725935865,0.3165541384042745
ETTh2,96,2023,SRSNet_RandomSP,0.2218464474363844,0.3188463544450207
ETTh2,96,2024,SRSNet_RandomSP,0.2190720595652821,0.3147408728514689
ETTh2,96,2025,SRSNet_RandomSP,0.2189419604630542,0.3167843842457748
ETTh2,96,2021,SRSNet_RandomSPNoShuffle,0.2172410945020638,0.3152204210749007
ETTh2,96,2022,SRSNet_RandomSPNoShuffle,0.2172939384213035,0.3153557396651327
ETTh2,96,2023,SRSNet_RandomSPNoShuffle,0.2175490139994338,0.3155830046640819
ETTh2,96,2024,SRSNet_RandomSPNoShuffle,0.2171726748617348,0.3140017920470109
ETTh2,96,2025,SRSNet_RandomSPNoShuffle,0.2174277948919039,0.3154696525657017
ETTh2,96,2021,SRSNet_TASP,0.2216590982166053,0.3175792636188131
ETTh2,96,2022,SRSNet_TASP,0.2141711856618328,0.3136104357246606
ETTh2,96,2023,SRSNet_TASP,0.2182510107955656,0.3161556559740226
ETTh2,96,2024,SRSNet_TASP,0.2220230856540931,0.3185737192612441
ETTh2,96,2025,SRSNet_TASP,0.2194878087448436,0.317579655184768
ETTh2,192,2021,SRSNet,0.2803442553231224,0.3593069753058101
ETTh2,192,2022,SRSNet,0.2866495404912356,0.365925574136005
ETTh2,192,2023,SRSNet,0.2793828826566845,0.3601633484383843
ETTh2,192,2024,SRSNet,0.2883183353581345,0.3677215235113537
ETTh2,192,2025,SRSNet,0.2853939320705204,0.3656982932181634
ETTh2,192,2021,SRSNet_HypernetAF,0.279460870542567,0.3610167144600358
ETTh2,192,2022,SRSNet_HypernetAF,0.277097240987969,0.3589645491159156
ETTh2,192,2023,SRSNet_HypernetAF,0.2719859068833904,0.3546370158247596
ETTh2,192,2024,SRSNet_HypernetAF,0.2755471775328645,0.3579181790690521
ETTh2,192,2025,SRSNet_HypernetAF,0.2846210295319173,0.3644225918086389
ETTh2,192,2021,SRSNet_RandomSP,0.279640027912964,0.3601795376664459
ETTh2,192,2022,SRSNet_RandomSP,0.2749098929612837,0.3564952703125305
ETTh2,192,2023,SRSNet_RandomSP,0.2758169113095615,0.3574775192090682
ETTh2,192,2024,SRSNet_RandomSP,0.2804854386924911,0.3609616675164171
ETTh2,192,2025,SRSNet_RandomSP,0.2785398829891276,0.3592090437354068
ETTh2,192,2021,SRSNet_RandomSPNoShuffle,0.2757865802726429,0.3572870450455347
ETTh2,192,2022,SRSNet_RandomSPNoShuffle,0.2724928634301675,0.3547661970892271
ETTh2,192,2023,SRSNet_RandomSPNoShuffle,0.2750689612528977,0.3572765807919777
ETTh2,192,2024,SRSNet_RandomSPNoShuffle,0.2782747755151385,0.3596939927062998
ETTh2,192,2025,SRSNet_RandomSPNoShuffle,0.2761854395289286,0.3582235499431843
ETTh2,192,2021,SRSNet_TASP,0.2720537129282973,0.3557970379559371
ETTh2,192,2022,SRSNet_TASP,0.2781262179520842,0.3582719424056336
ETTh2,192,2023,SRSNet_TASP,0.2804763252532319,0.3590117427060319
ETTh2,192,2024,SRSNet_TASP,0.2752824111310059,0.3559691525853702
ETTh2,192,2025,SRSNet_TASP,0.2777841803026885,0.3597243298093497
ETTh2,336,2021,SRSNet,0.3265620904301895,0.3893252378168312
ETTh2,336,2022,SRSNet,0.3209963691190963,0.386683501800297
ETTh2,336,2023,SRSNet,0.3307908305179006,0.3932196104870292
ETTh2,336,2024,SRSNet,0.3149875371498327,0.3845450575588078
ETTh2,336,2025,SRSNet,0.324647268726279,0.390015827656596
ETTh2,336,2021,SRSNet_HypernetAF,0.3173661683369122,0.38402783299376
ETTh2,336,2022,SRSNet_HypernetAF,0.3162875513850711,0.3834314362940301
ETTh2,336,2023,SRSNet_HypernetAF,0.3132206457214535,0.3817170770850362
ETTh2,336,2024,SRSNet_HypernetAF,0.3151647692781776,0.382537086736094
ETTh2,336,2025,SRSNet_HypernetAF,0.3161856124690989,0.382997925513092
ETTh2,336,2021,SRSNet_RandomSP,0.3144849825925848,0.3813062347656997
ETTh2,336,2022,SRSNet_RandomSP,0.3135964637492224,0.3807951413520031
ETTh2,336,2023,SRSNet_RandomSP,0.3168417351246609,0.3836736109527631
ETTh2,336,2024,SRSNet_RandomSP,0.3180801672762596,0.3850397199668057
ETTh2,336,2025,SRSNet_RandomSP,0.3181193163981906,0.3846803516047619
ETTh2,336,2021,SRSNet_RandomSPNoShuffle,0.3126786208570646,0.3808315377934357
ETTh2,336,2022,SRSNet_RandomSPNoShuffle,0.3128777915620473,0.3809361017396231
ETTh2,336,2023,SRSNet_RandomSPNoShuffle,0.3126395308457182,0.380789352821635
ETTh2,336,2024,SRSNet_RandomSPNoShuffle,0.313008267061222,0.3810541979218125
ETTh2,336,2025,SRSNet_RandomSPNoShuffle,0.3130981701910866,0.3811053757622231
ETTh2,336,2021,SRSNet_TASP,0.3174547234010632,0.3831939939074654
ETTh2,336,2022,SRSNet_TASP,0.3153372038104583,0.3823563670280576
ETTh2,336,2023,SRSNet_TASP,0.3160272679720293,0.3830827221573095
ETTh2,336,2024,SRSNet_TASP,0.3114516634165907,0.380175079696643
ETTh2,336,2025,SRSNet_TASP,0.316731302268093,0.3844658500958428
ETTh2,720,2021,SRSNet,0.421105217821042,0.446254403255685
ETTh2,720,2022,SRSNet,0.4286980332802038,0.4536455085439399
ETTh2,720,2023,SRSNet,0.409724824648548,0.4360687955486979
ETTh2,720,2024,SRSNet,0.3988673136022992,0.4326214731398846
ETTh2,720,2025,SRSNet,0.4099273159922433,0.4394053534953447
ETTh2,720,2021,SRSNet_HypernetAF,0.4361824529894079,0.4563619507810145
ETTh2,720,2022,SRSNet_HypernetAF,0.4036961382504521,0.4363427393433808
ETTh2,720,2023,SRSNet_HypernetAF,0.4016978589252965,0.4341347438591713
ETTh2,720,2024,SRSNet_HypernetAF,0.4172023810846982,0.4455544032547867
ETTh2,720,2025,SRSNet_HypernetAF,0.4000739205033161,0.4337242152153175
ETTh2,720,2021,SRSNet_RandomSP,0.4188245564087438,0.4466782017795362
ETTh2,720,2022,SRSNet_RandomSP,0.4053683071347164,0.4378687348117824
ETTh2,720,2023,SRSNet_RandomSP,0.4129014655184426,0.4426433074626314
ETTh2,720,2024,SRSNet_RandomSP,0.4245066728074891,0.4501410266553733
ETTh2,720,2025,SRSNet_RandomSP,0.4135411848377454,0.4438066196138119
ETTh2,720,2021,SRSNet_RandomSPNoShuffle,0.4197267833948404,0.4459101943924007
ETTh2,720,2022,SRSNet_RandomSPNoShuffle,0.402964989934078,0.4355714833190645
ETTh2,720,2023,SRSNet_RandomSPNoShuffle,0.4133914662326794,0.4420080924397605
ETTh2,720,2024,SRSNet_RandomSPNoShuffle,0.4273422778891189,0.4507104235399231
ETTh2,720,2025,SRSNet_RandomSPNoShuffle,0.4143730805289742,0.4432550235083631
ETTh2,720,2021,SRSNet_TASP,0.4019494478792531,0.4355804286720454
ETTh2,720,2022,SRSNet_TASP,0.4192102494513615,0.4462810276171777
ETTh2,720,2023,SRSNet_TASP,0.394540731465816,0.4285749344583844
ETTh2,720,2024,SRSNet_TASP,0.3925911611670916,0.4300762458974631
ETTh2,720,2025,SRSNet_TASP,0.4149784477484619,0.4421973022899003
ETTm1,96,2021,SRSNet,0.3179518527018061,0.3701175630937398
ETTm1,96,2022,SRSNet,0.3203716313482747,0.3722986741372517
ETTm1,96,2023,SRSNet,0.3184199431629178,0.372384815317982
ETTm1,96,2024,SRSNet,0.3149065359674125,0.3695269019335972
ETTm1,96,2025,SRSNet,0.3140577209734969,0.3679125335627932
ETTm1,96,2021,SRSNet_HypernetAF,0.3194400028827453,0.3700484205148232
ETTm1,96,2022,SRSNet_HypernetAF,0.3185408659206881,0.3681874878170705
ETTm1,96,2023,SRSNet_HypernetAF,0.3189097397897045,0.369472284001522
ETTm1,96,2024,SRSNet_HypernetAF,0.3192658615498562,0.3699544484156743
ETTm1,96,2025,SRSNet_HypernetAF,0.3202723228276428,0.3702840473276476
ETTm1,96,2021,SRSNet_RandomSP,0.3208984689766413,0.3702032472139859
ETTm1,96,2022,SRSNet_RandomSP,0.3207751798032633,0.3699691527739757
ETTm1,96,2023,SRSNet_RandomSP,0.3206072153842847,0.3697537845607314
ETTm1,96,2024,SRSNet_RandomSP,0.321630368929991,0.3706233569062481
ETTm1,96,2025,SRSNet_RandomSP,0.3207671007356543,0.3703776802392221
ETTm1,96,2021,SRSNet_RandomSPNoShuffle,0.3211533481021827,0.3703048833267227
ETTm1,96,2022,SRSNet_RandomSPNoShuffle,0.3213250589852658,0.3707335495119205
ETTm1,96,2023,SRSNet_RandomSPNoShuffle,0.3212253968107624,0.3707465132419316
ETTm1,96,2024,SRSNet_RandomSPNoShuffle,0.3221453720391272,0.3711481940207331
ETTm1,96,2025,SRSNet_RandomSPNoShuffle,0.3214329734413105,0.3707355282913921
ETTm1,96,2021,SRSNet_TASP,0.3197507496750438,0.3700019803014513
ETTm1,96,2022,SRSNet_TASP,0.318285705694374,0.3686385934571459
ETTm1,96,2023,SRSNet_TASP,0.3196181211339532,0.3704306472072556
ETTm1,96,2024,SRSNet_TASP,0.3208021420372445,0.3713467123062723
ETTm1,96,2025,SRSNet_TASP,0.32285625782682,0.3720762622270876
ETTm1,192,2021,SRSNet,0.3671159236535738,0.4044369531551119
ETTm1,192,2022,SRSNet,0.3689550423486112,0.4046313566285692
ETTm1,192,2023,SRSNet,0.3703242501753532,0.4065963511491017
ETTm1,192,2024,SRSNet,0.3695478281746332,0.4054990964146525
ETTm1,192,2025,SRSNet,0.3675861983690158,0.4054026945608319
ETTm1,192,2021,SRSNet_HypernetAF,0.3751400982027442,0.4065313549099666
ETTm1,192,2022,SRSNet_HypernetAF,0.3754118321437903,0.4082532766218396
ETTm1,192,2023,SRSNet_HypernetAF,0.3736091285050602,0.4057891740613868
ETTm1,192,2024,SRSNet_HypernetAF,0.3734661730560353,0.4058622439964945
ETTm1,192,2025,SRSNet_HypernetAF,0.3720701366635486,0.4037699588520186
ETTm1,192,2021,SRSNet_RandomSP,0.3770965001429617,0.4064756665517772
ETTm1,192,2022,SRSNet_RandomSP,0.3764076555688085,0.4059713907863603
ETTm1,192,2023,SRSNet_RandomSP,0.3771033751420036,0.4066334734907173
ETTm1,192,2024,SRSNet_RandomSP,0.3775671935670545,0.4065039768286197
ETTm1,192,2025,SRSNet_RandomSP,0.3765904788202345,0.4056870316305357
ETTm1,192,2021,SRSNet_RandomSPNoShuffle,0.3770510116274996,0.4064301619673839
ETTm1,192,2022,SRSNet_RandomSPNoShuffle,0.3764979785236378,0.40603740836539
ETTm1,192,2023,SRSNet_RandomSPNoShuffle,0.3775154246820842,0.4066909243079067
ETTm1,192,2024,SRSNet_RandomSPNoShuffle,0.3777495864028061,0.4065209133900068
ETTm1,192,2025,SRSNet_RandomSPNoShuffle,0.3774448478429813,0.4062746980598762
ETTm1,192,2021,SRSNet_TASP,0.3764133991989596,0.4079320178409097
ETTm1,192,2022,SRSNet_TASP,0.3780774073990209,0.4079633083015466
ETTm1,192,2023,SRSNet_TASP,0.3746016386478865,0.4065443599480702
ETTm1,192,2024,SRSNet_TASP,0.3780707902969572,0.4089293583614598
ETTm1,192,2025,SRSNet_TASP,0.3753877687359574,0.4064263681185588
ETTm1,336,2021,SRSNet,0.4165160759224156,0.4426979426411453
ETTm1,336,2022,SRSNet,0.4127894077146209,0.4374624347546112
ETTm1,336,2023,SRSNet,0.4278648322055831,0.4444256312324985
ETTm1,336,2024,SRSNet,0.4159739201354305,0.439750371180184
ETTm1,336,2025,SRSNet,0.4155319888029569,0.440144097570246
ETTm1,336,2021,SRSNet_HypernetAF,0.4192815853697119,0.4395833261266106
ETTm1,336,2022,SRSNet_HypernetAF,0.4210012106172345,0.4414734159717278
ETTm1,336,2023,SRSNet_HypernetAF,0.4235109658298968,0.4422244954809243
ETTm1,336,2024,SRSNet_HypernetAF,0.4239889844616127,0.4415531679213431
ETTm1,336,2025,SRSNet_HypernetAF,0.4255077191563181,0.4420136168657477
ETTm1,336,2021,SRSNet_RandomSP,0.4284739309554028,0.4429624398565248
ETTm1,336,2022,SRSNet_RandomSP,0.4278910694310885,0.4429534980447103
ETTm1,336,2023,SRSNet_RandomSP,0.426385972604747,0.4420621534628959
ETTm1,336,2024,SRSNet_RandomSP,0.4265319572061558,0.442004503218147
ETTm1,336,2025,SRSNet_RandomSP,0.4263838194658695,0.4412438026400242
ETTm1,336,2021,SRSNet_RandomSPNoShuffle,0.4314680358931279,0.4439380463227338
ETTm1,336,2022,SRSNet_RandomSPNoShuffle,0.4292816479857776,0.4438445167202744
ETTm1,336,2023,SRSNet_RandomSPNoShuffle,0.4275618421708275,0.4428105516230229
ETTm1,336,2024,SRSNet_RandomSPNoShuffle,0.4268022172458784,0.4423132200963435
ETTm1,336,2025,SRSNet_RandomSPNoShuffle,0.4266310122314265,0.4413956045399725
ETTm1,336,2021,SRSNet_TASP,0.4290468548025209,0.4449058066389491
ETTm1,336,2022,SRSNet_TASP,0.424514142839122,0.4416018028634215
ETTm1,336,2023,SRSNet_TASP,0.4244542184637764,0.4429513111802845
ETTm1,336,2024,SRSNet_TASP,0.4287170993252625,0.4466836843987775
ETTm1,336,2025,SRSNet_TASP,0.4225685364719117,0.4430323755264463
ETTm1,720,2021,SRSNet,0.5056663718825201,0.4846105114165663
ETTm1,720,2022,SRSNet,0.5054086136904437,0.4823844262198407
ETTm1,720,2023,SRSNet,0.501932809518462,0.4827406548927745
ETTm1,720,2024,SRSNet,0.5029150107606117,0.4822169633927867
ETTm1,720,2025,SRSNet,0.5026808756004991,0.4821476466382789
ETTm1,720,2021,SRSNet_HypernetAF,0.5031207817182943,0.481383121151514
ETTm1,720,2022,SRSNet_HypernetAF,0.5021796564154963,0.4807450183211727
ETTm1,720,2023,SRSNet_HypernetAF,0.5149140162570032,0.4889144054126628
ETTm1,720,2024,SRSNet_HypernetAF,0.5001614780775591,0.4806783076516107
ETTm1,720,2025,SRSNet_HypernetAF,0.5022661228835739,0.4815311475938025
ETTm1,720,2021,SRSNet_RandomSP,0.5157183707487559,0.4881755287959408
ETTm1,720,2022,SRSNet_RandomSP,0.5082113034228856,0.4832099897537614
ETTm1,720,2023,SRSNet_RandomSP,0.5051691117145402,0.4809859774269895
ETTm1,720,2024,SRSNet_RandomSP,0.5061058631728582,0.481803511664869
ETTm1,720,2025,SRSNet_RandomSP,0.5060041161799982,0.4814558901868732
ETTm1,720,2021,SRSNet_RandomSPNoShuffle,0.5059766047770701,0.4806278528076687
ETTm1,720,2022,SRSNet_RandomSPNoShuffle,0.5089591002874237,0.4829839457965409
ETTm1,720,2023,SRSNet_RandomSPNoShuffle,0.5061253750135922,0.4807407554965506
ETTm1,720,2024,SRSNet_RandomSPNoShuffle,0.507145858028222,0.4815074225064351
ETTm1,720,2025,SRSNet_RandomSPNoShuffle,0.5060887246938254,0.4807027846768403
ETTm1,720,2021,SRSNet_TASP,0.5066220164887055,0.4835711231518015
ETTm1,720,2022,SRSNet_TASP,0.5017323923166743,0.4830214688908625
ETTm1,720,2023,SRSNet_TASP,0.5018782466966943,0.4815938915845098
ETTm1,720,2024,SRSNet_TASP,0.5129516016282356,0.4876159432653418
ETTm1,720,2025,SRSNet_TASP,0.5049915624719621,0.4818930166555732
ETTm2,96,2021,SRSNet,0.1494200746099775,0.2533872504371171
ETTm2,96,2022,SRSNet,0.1485845535322859,0.2534190370596337
ETTm2,96,2023,SRSNet,0.1471713720256076,0.2522885471474733
ETTm2,96,2024,SRSNet,0.1477603392837234,0.2532330525332683
ETTm2,96,2025,SRSNet,0.1483130827579591,0.2538818490306955
ETTm2,96,2021,SRSNet_HypernetAF,0.148064678899977,0.2522104477216408
ETTm2,96,2022,SRSNet_HypernetAF,0.146973636851272,0.2524483324276126
ETTm2,96,2023,SRSNet_HypernetAF,0.1475689987090142,0.2523296512269294
ETTm2,96,2024,SRSNet_HypernetAF,0.147891195441052,0.2527788790973895
ETTm2,96,2025,SRSNet_HypernetAF,0.1477043686639859,0.2522095768575895
ETTm2,96,2021,SRSNet_RandomSP,0.1486813049683317,0.2539095931660322
ETTm2,96,2022,SRSNet_RandomSP,0.1481127672981167,0.2525712594056079
ETTm2,96,2023,SRSNet_RandomSP,0.1480744052619739,0.2524346334397806
ETTm2,96,2024,SRSNet_RandomSP,0.1489885377932278,0.2536908994255714
ETTm2,96,2025,SRSNet_RandomSP,0.1481378839948522,0.2522767117411861
ETTm2,96,2021,SRSNet_RandomSPNoShuffle,0.1491829596368465,0.2537544565474882
ETTm2,96,2022,SRSNet_RandomSPNoShuffle,0.1484354039888822,0.2523393026025825
ETTm2,96,2023,SRSNet_RandomSPNoShuffle,0.1483556463345349,0.2522599226803645
ETTm2,96,2024,SRSNet_RandomSPNoShuffle,0.1483982955021796,0.2523494714729462
ETTm2,96,2025,SRSNet_RandomSPNoShuffle,0.148392808168868,0.2522631522692294
ETTm2,96,2021,SRSNet_TASP,0.1501960458435879,0.255597789165283
ETTm2,96,2022,SRSNet_TASP,0.149779950827668,0.254387376313203
ETTm2,96,2023,SRSNet_TASP,0.1481357507828474,0.2527626404967254
ETTm2,96,2024,SRSNet_TASP,0.1485744521060275,0.2538577672892762
ETTm2,96,2025,SRSNet_TASP,0.1475537634000423,0.2522280614610837
ETTm2,192,2021,SRSNet,0.1793678475480637,0.2816596163324413
ETTm2,192,2022,SRSNet,0.183759441512704,0.2821745336280042
ETTm2,192,2023,SRSNet,0.1815079739058908,0.2823596149808749
ETTm2,192,2024,SRSNet,0.1828843119060102,0.2836308987750855
ETTm2,192,2025,SRSNet,0.181979803589191,0.2830953274092818
ETTm2,192,2021,SRSNet_HypernetAF,0.1797908437101882,0.278819249774155
ETTm2,192,2022,SRSNet_HypernetAF,0.1808856918326323,0.2798860755922236
ETTm2,192,2023,SRSNet_HypernetAF,0.1813516817027493,0.2804106387240952
ETTm2,192,2024,SRSNet_HypernetAF,0.1804649241295719,0.279963266851017
ETTm2,192,2025,SRSNet_HypernetAF,0.1795096780432987,0.2790255220834265
ETTm2,192,2021,SRSNet_RandomSP,0.1805882884249385,0.2798940449924658
ETTm2,192,2022,SRSNet_RandomSP,0.1827491030338869,0.2813675165381565
ETTm2,192,2023,SRSNet_RandomSP,0.1801446028621557,0.2799856103634243
ETTm2,192,2024,SRSNet_RandomSP,0.1812507617443568,0.2805938521445986
ETTm2,192,2025,SRSNet_RandomSP,0.1805178013890095,0.2803365182622159
ETTm2,192,2021,SRSNet_RandomSPNoShuffle,0.1808957163245699,0.2798538220893203
ETTm2,192,2022,SRSNet_RandomSPNoShuffle,0.1825911987856186,0.2812252585342599
ETTm2,192,2023,SRSNet_RandomSPNoShuffle,0.1809214384420932,0.2798760022990996
ETTm2,192,2024,SRSNet_RandomSPNoShuffle,0.1811407823046368,0.2798646545406385
ETTm2,192,2025,SRSNet_RandomSPNoShuffle,0.1809491137841452,0.2799707028782354
ETTm2,192,2021,SRSNet_TASP,0.187253685754624,0.2870004704991769
ETTm2,192,2022,SRSNet_TASP,0.1852767691612385,0.283349245180131
ETTm2,192,2023,SRSNet_TASP,0.1837302008726111,0.2830878026505173
ETTm2,192,2024,SRSNet_TASP,0.1861725569313737,0.2854334811073976
ETTm2,192,2025,SRSNet_TASP,0.1831377231712995,0.2821339843875442
ETTm2,336,2021,SRSNet,0.2193714481866849,0.3099530288521064
ETTm2,336,2022,SRSNet,0.2197663775325151,0.3114526682775586
ETTm2,336,2023,SRSNet,0.2138409230825785,0.3076080644773851
ETTm2,336,2024,SRSNet,0.2150530562027149,0.3055271424913174
ETTm2,336,2025,SRSNet,0.215877820671914,0.305472352596678
ETTm2,336,2021,SRSNet_HypernetAF,0.215891056501333,0.3048251450593359
ETTm2,336,2022,SRSNet_HypernetAF,0.2132049039697545,0.3073363070095053
ETTm2,336,2023,SRSNet_HypernetAF,0.2184158484765799,0.3085132768766517
ETTm2,336,2024,SRSNet_HypernetAF,0.2146686296013426,0.3067534890543073
ETTm2,336,2025,SRSNet_HypernetAF,0.2184214693569658,0.3080813471662695
ETTm2,336,2021,SRSNet_RandomSP,0.2150213055125635,0.3058069416020233
ETTm2,336,2022,SRSNet_RandomSP,0.2145664708547671,0.3053892440662396
ETTm2,336,2023,SRSNet_RandomSP,0.2148291098007998,0.3058632709120411
ETTm2,336,2024,SRSNet_RandomSP,0.2145264275092398,0.3052376815243801
ETTm2,336,2025,SRSNet_RandomSP,0.214265165662002,0.3056892450429081
ETTm2,336,2021,SRSNet_RandomSPNoShuffle,0.2144672978914173,0.305130547946905
ETTm2,336,2022,SRSNet_RandomSPNoShuffle,0.2142412689333937,0.3049338013764529
ETTm2,336,2023,SRSNet_RandomSPNoShuffle,0.2153207136013485,0.3052157596698086
ETTm2,336,2024,SRSNet_RandomSPNoShuffle,0.2147976504139346,0.3054715894986461
ETTm2,336,2025,SRSNet_RandomSPNoShuffle,0.2139706724312388,0.3048618784996686
ETTm2,336,2021,SRSNet_TASP,0.2188186882398459,0.3102717151000405
ETTm2,336,2022,SRSNet_TASP,0.2135388235482251,0.3083099965452469
ETTm2,336,2023,SRSNet_TASP,0.2173972852957021,0.3067705455095628
ETTm2,336,2024,SRSNet_TASP,0.2191221353420187,0.3090474517980094
ETTm2,336,2025,SRSNet_TASP,0.221391217494826,0.3082253830118322
ETTm2,720,2021,SRSNet,0.2728284246329794,0.3503245873858694
ETTm2,720,2022,SRSNet,0.2729264503576228,0.3495959253206855
ETTm2,720,2023,SRSNet,0.2720942654626899,0.3446932670536742
ETTm2,720,2024,SRSNet,0.2779417331465912,0.3542781553420663
ETTm2,720,2025,SRSNet,0.2735576020842579,0.3475850194843931
ETTm2,720,2021,SRSNet_HypernetAF,0.2772320515382874,0.3483416753354525
ETTm2,720,2022,SRSNet_HypernetAF,0.2733744997779012,0.3466969233782536
ETTm2,720,2023,SRSNet_HypernetAF,0.2675415450275895,0.3427186354962561
ETTm2,720,2024,SRSNet_HypernetAF,0.2699435394959409,0.3443536608522871
ETTm2,720,2025,SRSNet_HypernetAF,0.2710118152236158,0.3450523376835617
ETTm2,720,2021,SRSNet_RandomSP,0.2694601506832937,0.3440026839789482
ETTm2,720,2022,SRSNet_RandomSP,0.2701409841242525,0.3445607505040568
ETTm2,720,2023,SRSNet_RandomSP,0.2710971707770125,0.3461577943635153
ETTm2,720,2024,SRSNet_RandomSP,0.2726877611465352,0.3474040661451202
ETTm2,720,2025,SRSNet_RandomSP,0.26939145894839,0.3451696125753171
ETTm2,720,2021,SRSNet_RandomSPNoShuffle,0.2766431389748848,0.3496414502199699
ETTm2,720,2022,SRSNet_RandomSPNoShuffle,0.2683515619954456,0.3434759924909789
ETTm2,720,2023,SRSNet_RandomSPNoShuffle,0.2724119109519107,0.3473244632627986
ETTm2,720,2024,SRSNet_RandomSPNoShuffle,0.2699521819144037,0.3448979007536275
ETTm2,720,2025,SRSNet_RandomSPNoShuffle,0.2695433561368045,0.344881535588556
ETTm2,720,2021,SRSNet_TASP,0.2790623533457858,0.3513539417221587
ETTm2,720,2022,SRSNet_TASP,0.2760957750762617,0.3510820286034637
ETTm2,720,2023,SRSNet_TASP,0.2793876822540492,0.3525598421660696
ETTm2,720,2024,SRSNet_TASP,0.2708916026168645,0.3483003274837264
ETTm2,720,2025,SRSNet_TASP,0.2703141697151206,0.3486774559197904
